<?xml version="1.0" encoding="UTF-8"?>
<metadata><idinfo><citation><citeinfo><origin>Leandro Coutinho da Silva</origin><pubdate>14/12/2007</pubdate><pubtime>11:30:20</pubtime><title Sync="TRUE">Bases_de_Combustíveis</title><geoform Sync="TRUE">vector digital data</geoform><onlink Sync="TRUE"/><lworkcit><citeinfo><geoform>tabular digital data</geoform></citeinfo></lworkcit><ftname Sync="TRUE">Bases_de_Combustíveis</ftname></citeinfo></citation><descript><abstract>Bases de distribuição de Combustíveis</abstract><purpose>Desenvolver um cadastro georreferenciado atualizado dos elementos da infra-estrutura do setor de petróleo, gás natural e biocombustíveis a ser disponibilizado via WebGIS</purpose><supplinf>Essa informação é fruto do Projeto "Mapeamento da Infra-Estrutura de Óleo, Gás Natural e Biocombustíveis de objetivo supracitado. Todos os dados foram adquiridos com o auxílio da Superintendência de Abastecimento</supplinf><langdata>pt-br</langdata></descript><timeperd><timeinfo><sngdate><caldate>unknown</caldate></sngdate></timeinfo><current>publication date</current></timeperd><status><progress>Complete</progress><update>As needed</update></status><spdom><bounding><westbc Sync="TRUE">-75.517975</westbc><eastbc Sync="TRUE">-31.920103</eastbc><northbc Sync="TRUE">2.143306</northbc><southbc Sync="TRUE">-32.051698</southbc></bounding><lboundng><leftbc Sync="TRUE">-2057805.422800</leftbc><rightbc Sync="TRUE">2112863.790900</rightbc><bottombc Sync="TRUE">-3547597.415600</bottombc><topbc Sync="TRUE">236996.455900</topbc></lboundng></spdom><keywords><theme><themekt>Distribuição de Combustíveis</themekt><themekey>Bases de Distribuição de Combustíveis</themekey></theme><place><placekey>Brasil</placekey></place></keywords><accconst>Sem Restrições</accconst><useconst>Deverá ser dado o devido crédito pelo uso dessa informação</useconst><ptcontac><cntinfo><cntorgp><cntorg>Agência Nacional do Petróleo, Gás Natural e Biocombustíveis (ANP) / Superintendência de Planejamento e Pesquisa (SPP)</cntorg><cntper>Leandro Coutinho da Silva</cntper></cntorgp><cntpos>Acessor de Superintendência I</cntpos><cntaddr><addrtype>physical address</addrtype><address>Av. Rio Branco, 65 - 13º andar - Centro</address><city>Rio de Janeiro</city><state>Rio de Janeiro</state><postal>20090-004</postal><country>Brasil</country></cntaddr><cntvoice>(21) 2112-8369</cntvoice><cntemail>lcoutinho@anp.gov.br</cntemail><hours>09:00h - 18:00h</hours><cntinst>O Funcionário José Carlos Tigre é o Coordenador do Projeto</cntinst></cntinfo></ptcontac><datacred>Agência Nacional do Petróleo, Gás Natural e Biocombustíveis / Superintendência de Planejamento e Pesquisa / Superintendência de Abastecimento</datacred><native Sync="TRUE">Microsoft Windows XP Version 5.1 (Build 2600) Service Pack 3; ESRI ArcCatalog 9.2.0.1324</native><natvform Sync="TRUE">Personal GeoDatabase Feature Class</natvform></idinfo><dataqual><lineage><procstep><procdesc>Metadata imported.</procdesc><srcused>C:\DOCUME~1\LCOUTI~1.ANP\CONFIG~1\Temp\xml27C.tmp</srcused></procstep><procstep><procdesc Sync="TRUE">Metadata imported.</procdesc><srcused Sync="TRUE">C:\DOCUME~1\LCOUTI~1.ANP\CONFIG~1\Temp\xml2BA.tmp</srcused><date Sync="TRUE">20080207</date><time Sync="TRUE">13160300</time></procstep><procstep><procdesc Sync="TRUE">Dataset copied.</procdesc><srcused Sync="TRUE">\\graxa\acesso-GIS$\Infra-Estrutura Regulada_SAD_69.mdb</srcused><date Sync="TRUE">20130412</date><time Sync="TRUE">16595700</time></procstep></lineage></dataqual><spdoinfo><direct Sync="TRUE">Vector</direct><ptvctinf><esriterm Name="BASE_COMBUST"><efeatyp Sync="TRUE">Simple</efeatyp><efeageom code="1" Sync="TRUE"></efeageom><esritopo Sync="TRUE">FALSE</esritopo><efeacnt Sync="TRUE">0</efeacnt><spindex Sync="TRUE">FALSE</spindex><linrefer Sync="TRUE">FALSE</linrefer></esriterm></ptvctinf></spdoinfo><spref><horizsys><geodetic><horizdn Sync="TRUE">D_South_American_1969</horizdn><ellips Sync="TRUE">GRS_1967_Truncated</ellips><semiaxis Sync="TRUE">6378160.000000</semiaxis><denflat Sync="TRUE">298.250000</denflat></geodetic><cordsysn><geogcsn Sync="TRUE">GCS_South_American_1969</geogcsn><projcsn Sync="TRUE">Brazil_Polyconic</projcsn></cordsysn></horizsys><vertdef><altsys><altenc Sync="TRUE">Explicit elevation coordinate included with horizontal coordinates</altenc><altres Sync="TRUE">0.000100</altres></altsys></vertdef></spref><eainfo><detailed Name="BASE_COMBUST"><enttyp><enttypl Sync="TRUE">BASE_COMBUST</enttypl><enttypt Sync="TRUE">Feature Class</enttypt><enttypc Sync="TRUE">0</enttypc></enttyp><attr><attrlabl Sync="TRUE">FID</attrlabl><attalias Sync="TRUE">FID</attalias><attrtype Sync="TRUE">OID</attrtype><attwidth Sync="TRUE">4</attwidth><atprecis Sync="TRUE">0</atprecis><attscale Sync="TRUE">0</attscale><attrdef Sync="TRUE">Internal feature number.</attrdef><attrdefs Sync="TRUE">Esri</attrdefs><attrdomv><udom Sync="TRUE">Sequential unique whole numbers that are automatically generated.</udom></attrdomv></attr><attr><attrlabl>Shape</attrlabl><attrdef>Feature geometry.</attrdef><attrdefs>ESRI</attrdefs><attrdomv><udom>Coordinates defining the features.</udom></attrdomv><attalias Sync="TRUE">Shape</attalias><attrtype Sync="TRUE">Geometry</attrtype><attwidth Sync="TRUE">0</attwidth><atprecis Sync="TRUE">0</atprecis><attscale Sync="TRUE">0</attscale></attr><attr><attrlabl Sync="TRUE">OBJECTID</attrlabl><attalias Sync="TRUE">OBJECTID</attalias><attrtype Sync="TRUE">Integer</attrtype><attwidth Sync="TRUE">10</attwidth><atprecis Sync="TRUE">10</atprecis><attscale Sync="TRUE">0</attscale><attrdef Sync="TRUE">Internal feature number.</attrdef><attrdefs Sync="TRUE">ESRI</attrdefs><attrdomv><udom Sync="TRUE">Sequential unique whole numbers that are automatically generated.</udom></attrdomv></attr><attr><attrlabl Sync="TRUE">Municipio</attrlabl><attalias Sync="TRUE">Municipio</attalias><attrtype Sync="TRUE">String</attrtype><attwidth Sync="TRUE">254</attwidth><atprecis Sync="TRUE">0</atprecis><attscale Sync="TRUE">0</attscale></attr><attr><attrlabl Sync="TRUE">Nome_Base</attrlabl><attalias Sync="TRUE">Nome_Base</attalias><attrtype Sync="TRUE">String</attrtype><attwidth Sync="TRUE">254</attwidth><atprecis Sync="TRUE">0</atprecis><attscale Sync="TRUE">0</attscale></attr><attr><attrlabl Sync="TRUE">UF</attrlabl><attalias Sync="TRUE">UF</attalias><attrtype Sync="TRUE">String</attrtype><attwidth Sync="TRUE">3</attwidth><atprecis Sync="TRUE">0</atprecis><attscale Sync="TRUE">0</attscale></attr><attr><attrlabl Sync="TRUE">Endereco</attrlabl><attalias Sync="TRUE">Endereco</attalias><attrtype Sync="TRUE">String</attrtype><attwidth Sync="TRUE">50</attwidth><atprecis Sync="TRUE">0</atprecis><attscale Sync="TRUE">0</attscale></attr><attr><attrlabl Sync="TRUE">BAIRRO</attrlabl><attalias Sync="TRUE">BAIRRO</attalias><attrtype Sync="TRUE">String</attrtype><attwidth Sync="TRUE">25</attwidth><atprecis Sync="TRUE">0</atprecis><attscale Sync="TRUE">0</attscale></attr><attr><attrlabl Sync="TRUE">PRODUTO</attrlabl><attalias Sync="TRUE">PRODUTO</attalias><attrtype Sync="TRUE">String</attrtype><attwidth Sync="TRUE">50</attwidth><atprecis Sync="TRUE">0</atprecis><attscale Sync="TRUE">0</attscale></attr><attr><attrlabl Sync="TRUE">TANC_NOM</attrlabl><attalias Sync="TRUE">TANC_NOM</attalias><attrtype Sync="TRUE">String</attrtype><attwidth Sync="TRUE">30</attwidth><atprecis Sync="TRUE">0</atprecis><attscale Sync="TRUE">0</attscale></attr><attr><attrlabl Sync="TRUE">TANC_OP</attrlabl><attalias Sync="TRUE">TANC_OP</attalias><attrtype Sync="TRUE">Double</attrtype><attwidth Sync="TRUE">19</attwidth><atprecis Sync="TRUE">0</atprecis><attscale Sync="TRUE">0</attscale></attr></detailed></eainfo><distinfo><distrib><cntinfo><cntorgp><cntorg>Agência Nacional do Petróleo</cntorg><cntper>Leandro Coutinho da Silva</cntper></cntorgp><cntpos>Acessor de Diretoria I</cntpos><cntaddr><addrtype>physical address</addrtype><address>Av. Rio Branco, 65 - 13º andar - Centro</address><city>Rio de Janeiro</city><state>Rio de Janeiro</state><postal>20090-004</postal><country>Brasil</country></cntaddr><cntvoice>(21) 2112-8369</cntvoice><cntemail>lcoutinho@anp.gov.br</cntemail><hours>09:00h - 18:00h</hours><cntinst>O Funcionário José Carlos Tigre é o Coordenador do Projeto</cntinst></cntinfo></distrib><resdesc>Downloadable Data</resdesc><stdorder><digform><digtinfo><transize>0,017</transize></digtinfo></digform></stdorder></distinfo><metainfo><metd Sync="TRUE">20110323</metd><metc><cntinfo><cntorgp><cntorg>Agência Nacional do Petróleo, Gás Natural e Biocombustíveis (ANP) / Superintendência de Planejamento e Pesquisa (SPP)</cntorg><cntper>Leandro Coutinho da Silva</cntper></cntorgp><cntpos>Acessor de Superintendência I</cntpos><cntaddr><addrtype>physical address</addrtype><address>Av. Rio Branco, 65 - 13º andar</address><city>Rio de Janeiro</city><state>Rio de Janeiro</state><postal>20090-004</postal><country>Brasil</country></cntaddr><cntvoice>(21) 2112-8369</cntvoice><cntemail>lcoutinho@anp.gov.br</cntemail><hours>09:00h - 18:00h</hours><cntinst>O Funcionário José Carlos Tigre é o coordenador do projeto</cntinst></cntinfo></metc><metstdn Sync="TRUE">FGDC Content Standards for Digital Geospatial Metadata</metstdn><metstdv Sync="TRUE">FGDC-STD-001-1998</metstdv><mettc Sync="TRUE">local time</mettc><metextns><onlink>http://www.esri.com/metadata/esriprof80.html</onlink><metprof>ESRI Metadata Profile</metprof></metextns><metextns><onlink>http://www.esri.com/metadata/esriprof80.html</onlink><metprof>ESRI Metadata Profile</metprof></metextns><langmeta>pt-br</langmeta></metainfo><Esri><CreaDate>20180724</CreaDate><CreaTime>15401400</CreaTime><SyncOnce>FALSE</SyncOnce><SyncDate>20180410</SyncDate><SyncTime>09595600</SyncTime><ModDate>20180410</ModDate><ModTime>09595600</ModTime><DataProperties><lineage><Process ToolSource="C:\Arquivos de programas\ArcGIS\ArcToolbox\Toolboxes\Data Management Tools.tbx\CopyFeatures" Date="20080512" Time="171947">CopyFeatures "C:\Backup\gis-anp\Webgis\Lixo\Network Teste\Mais_1_Teste.mdb\Infra_Oleo_Gas\Bases_Combustíveis" I:\ANP.mdb\Infra-Estrutura\Bases_Combustíveis # 0 0 0</Process><Process ToolSource="C:\Arquivos de programas\ArcGIS\ArcToolbox\Toolboxes\Data Management Tools.tbx\CopyFeatures" Date="20080519" Time="175942">CopyFeatures I:\ANP.mdb\Infra-Estrutura\Bases_Combustíveis "I:\Dados ANP.mdb\Infra_Estrutura\Bases_Combustíveis" # 0 0 0</Process><Process Name="FeatureClassToFeatureClass_48" ToolSource="C:\Arquivos de programas\ArcGIS\ArcToolbox\Toolboxes\Conversion Tools.tbx\FeatureClassToFeatureClass" Date="20080529" Time="121006">FeatureClassToFeatureClass "I:\Dados ANP.mdb\Infra_Estrutura\Bases_Combustíveis" "I:\Dados ANP.mdb\Unidades de Armazenamento" Bases_de_Combustíveis # "Longitude Longitude true true false 255 Text 0 0 ,First,#,I:\Dados ANP.mdb\Infra_Estrutura\Bases_Combustíveis,Longitude,-1,-1;Latitude Latitude true true false 255 Text 0 0 ,First,#,I:\Dados ANP.mdb\Infra_Estrutura\Bases_Combustíveis,Latitude,-1,-1;Municipio Municipio true true false 255 Text 0 0 ,First,#,I:\Dados ANP.mdb\Infra_Estrutura\Bases_Combustíveis,Municipio,-1,-1;Nome_Base Nome_Base true true false 255 Text 0 0 ,First,#,I:\Dados ANP.mdb\Infra_Estrutura\Bases_Combustíveis,Nome_Base,-1,-1;UF UF true true false 3 Text 0 0 ,First,#,I:\Dados ANP.mdb\Infra_Estrutura\Bases_Combustíveis,UF,-1,-1;Datum Datum true true false 6 Text 0 0 ,First,#,I:\Dados ANP.mdb\Infra_Estrutura\Bases_Combustíveis,Datum,-1,-1;Endereco Endereco true true false 50 Text 0 0 ,First,#,I:\Dados ANP.mdb\Infra_Estrutura\Bases_Combustíveis,Endereco,-1,-1;Ordem Ordem true true false 8 Text 0 0 ,First,#,I:\Dados ANP.mdb\Infra_Estrutura\Bases_Combustíveis,Ordem,-1,-1;BAIRRO BAIRRO true true false 25 Text 0 0 ,First,#,I:\Dados ANP.mdb\Infra_Estrutura\Bases_Combustíveis,BAIRRO,-1,-1;PRODUTO PRODUTO true true false 50 Text 0 0 ,First,#,I:\Dados ANP.mdb\Infra_Estrutura\Bases_Combustíveis,PRODUTO,-1,-1;TANC_NOM TANC_NOM true true false 30 Text 0 0 ,First,#,I:\Dados ANP.mdb\Infra_Estrutura\Bases_Combustíveis,TANC_NOM,-1,-1;T_OP T_OP true true false 10 Text 0 0 ,First,#,I:\Dados ANP.mdb\Infra_Estrutura\Bases_Combustíveis,T_OP,-1,-1;Criticidade Criticidade true true false 5 Text 0 0 ,First,#,I:\Dados ANP.mdb\Infra_Estrutura\Bases_Combustíveis,Criticidade,-1,-1;TANC_OP TANC_OP true true false 8 Double 0 0 ,First,#,I:\Dados ANP.mdb\Infra_Estrutura\Bases_Combustíveis,TANC_OP,-1,-1;Enabled Enabled true true false 2 Short 0 0 ,First,#,I:\Dados ANP.mdb\Infra_Estrutura\Bases_Combustíveis,Enabled,-1,-1;AncillaryRole AncillaryRole true true false 2 Short 0 0 ,First,#,I:\Dados ANP.mdb\Infra_Estrutura\Bases_Combustíveis,AncillaryRole,-1,-1" # "I:\Dados ANP.mdb\Unidades de Armazenamento\Bases_de_Combustíveis"</Process><Process ToolSource="c:\program files (x86)\arcgis\desktop10.4\ArcToolbox\Toolboxes\Data Management Tools.tbx\CalculateField" Date="20170131" Time="140926">CalculateField "Infraestrutura e Abastecimento\Unidades de Processamento e Abastecimento\Bases de Combustíveis" PRODUTO "Etanol Hidratado" VB #</Process><Process ToolSource="c:\program files (x86)\arcgis\desktop10.4\ArcToolbox\Toolboxes\Data Management Tools.tbx\CalculateField" Date="20170131" Time="140955">CalculateField "Infraestrutura e Abastecimento\Unidades de Processamento e Abastecimento\Bases de Combustíveis" PRODUTO "Etanol Anidro" VB #</Process><Process ToolSource="c:\program files (x86)\arcgis\desktop10.4\ArcToolbox\Toolboxes\Data Management Tools.tbx\CalculateField" Date="20170131" Time="141407">CalculateField "Infraestrutura e Abastecimento\Unidades de Processamento e Abastecimento\Bases de Combustíveis" TANC_OP [T_OP] VB #</Process><Process Name="Add Field (5)" ToolSource="c:\program files (x86)\arcgis\desktop10.5\ArcToolbox\Toolboxes\Data Management Tools.tbx\AddField" Date="20180724" Time="154404">AddField base_combustivel cat5 TEXT # # 100 # NULLABLE NON_REQUIRED #</Process><Process Name="Add Field" ToolSource="c:\program files (x86)\arcgis\desktop10.5\ArcToolbox\Toolboxes\Data Management Tools.tbx\AddField" Date="20180724" Time="154404">AddField base_combustivel cat1 TEXT # # 25 # NULLABLE NON_REQUIRED #</Process><Process Name="Calculate Field" ToolSource="c:\program files (x86)\arcgis\desktop10.5\ArcToolbox\Toolboxes\Data Management Tools.tbx\CalculateField" Date="20180724" Time="154405">CalculateField base_combustivel cat1 "Energia" VB #</Process><Process Name="Add Field (2)" ToolSource="c:\program files (x86)\arcgis\desktop10.5\ArcToolbox\Toolboxes\Data Management Tools.tbx\AddField" Date="20180724" Time="154405">AddField base_combustivel cat2 TEXT # # 25 # NULLABLE NON_REQUIRED #</Process><Process Name="Calculate Field (2)" ToolSource="c:\program files (x86)\arcgis\desktop10.5\ArcToolbox\Toolboxes\Data Management Tools.tbx\CalculateField" Date="20180724" Time="154405">CalculateField base_combustivel cat2 "Combustíveis" VB #</Process><Process Name="Add Field (3)" ToolSource="c:\program files (x86)\arcgis\desktop10.5\ArcToolbox\Toolboxes\Data Management Tools.tbx\AddField" Date="20180724" Time="154405">AddField base_combustivel cat3 TEXT # # 100 # NULLABLE NON_REQUIRED #</Process><Process Name="Calculate Field (4)" ToolSource="c:\program files (x86)\arcgis\desktop10.5\ArcToolbox\Toolboxes\Data Management Tools.tbx\CalculateField" Date="20180724" Time="154405">CalculateField base_combustivel cat3 "Bases de Distribuição" VB #</Process><Process Name="Add Field (4)" ToolSource="c:\program files (x86)\arcgis\desktop10.5\ArcToolbox\Toolboxes\Data Management Tools.tbx\AddField" Date="20180724" Time="154405">AddField base_combustivel cat4 TEXT # # 100 # NULLABLE NON_REQUIRED #</Process><Process Name="Calculate Field (5)" ToolSource="c:\program files (x86)\arcgis\desktop10.5\ArcToolbox\Toolboxes\Data Management Tools.tbx\CalculateField" Date="20180724" Time="154406">CalculateField base_combustivel cat4 "Base de Combustíveis Líquidos" VB #</Process><Process ToolSource="c:\program files (x86)\arcgis\desktop10.5\ArcToolbox\Toolboxes\Data Management Tools.tbx\CalculateField" Date="20180725" Time="162641">CalculateField base_combustivel nome [Nome_Base] VB #</Process><Process Name="Delete Field" ToolSource="c:\program files (x86)\arcgis\desktop10.5\ArcToolbox\Toolboxes\Data Management Tools.tbx\DeleteField" Date="20181002" Time="223231">DeleteField base_combustivel cat5;cat1;cat2;cat3;cat4</Process><Process Name="Add Field" ToolSource="c:\program files (x86)\arcgis\desktop10.5\ArcToolbox\Toolboxes\Data Management Tools.tbx\AddField" Date="20181003" Time="160006">AddField base_combustivel id SHORT 5 # # # NULLABLE NON_REQUIRED #</Process><Process Name="Calculate Field" ToolSource="c:\program files (x86)\arcgis\desktop10.5\ArcToolbox\Toolboxes\Data Management Tools.tbx\CalculateField" Date="20181003" Time="160006">CalculateField base_combustivel id 33 VB #</Process><Process Name="Add Field (2)" ToolSource="c:\program files (x86)\arcgis\desktop10.5\ArcToolbox\Toolboxes\Data Management Tools.tbx\AddField" Date="20181003" Time="160006">AddField base_combustivel name TEXT 5 # 250 # NULLABLE NON_REQUIRED #</Process><Process Name="Calculate Field (2)" ToolSource="c:\program files (x86)\arcgis\desktop10.5\ArcToolbox\Toolboxes\Data Management Tools.tbx\CalculateField" Date="20181003" Time="160006">CalculateField base_combustivel name "Base de Combustíveis Líquidos" VB #</Process><Process Name="Add Field (3)" ToolSource="c:\program files (x86)\arcgis\desktop10.5\ArcToolbox\Toolboxes\Data Management Tools.tbx\AddField" Date="20181003" Time="160006">AddField base_combustivel categoria SHORT 5 # 250 # NULLABLE NON_REQUIRED #</Process><Process Name="Calculate Field (3)" ToolSource="c:\program files (x86)\arcgis\desktop10.5\ArcToolbox\Toolboxes\Data Management Tools.tbx\CalculateField" Date="20181003" Time="160006">CalculateField base_combustivel categoria 4 VB #</Process><Process Name="Add Field (4)" ToolSource="c:\program files (x86)\arcgis\desktop10.5\ArcToolbox\Toolboxes\Data Management Tools.tbx\AddField" Date="20181003" Time="160006">AddField base_combustivel parent_id SHORT 5 # 250 # NULLABLE NON_REQUIRED #</Process><Process Name="Calculate Field (4)" ToolSource="c:\program files (x86)\arcgis\desktop10.5\ArcToolbox\Toolboxes\Data Management Tools.tbx\CalculateField" Date="20181003" Time="160006">CalculateField base_combustivel parent_id 12 VB #</Process></lineage><itemProps><itemLocation><linkage Sync="TRUE">file://\\VSVR-AGSPRD\e\arcgisserver\directories\arcgisjobs\sma\layers2clip_gpserver\j012fc69c174c41aaa4afaf4ad6b927f3\scratch\zipfolder\BASE_COMBUST.shp</linkage><protocol Sync="TRUE">Local Area Network</protocol></itemLocation><itemName Sync="TRUE">BASE_COMBUST</itemName><imsContentType Sync="TRUE">002</imsContentType><itemSize Sync="TRUE">0.000</itemSize></itemProps><copyHistory><copy source="X:\E&amp;P\ZONEAMENTO 2013\BIZROG_ZNMT_2013\IPA\Infraestrutura_Abast\Bases_de_combustíveis" dest="\\epe.lan\Arquivos\Projetos\E&amp;P\ZONEAMENTO 2013\BIZROG_ZNMT_2013\ABAST\Bases\Bases_de_combustíveis" date="20150520" time="10045000"/></copyHistory><coordRef><type Sync="TRUE">Geographic</type><geogcsn Sync="TRUE">GCS_SIRGAS_2000</geogcsn><csUnits Sync="TRUE">Angular Unit: Degree (0.017453)</csUnits><peXml Sync="TRUE">&lt;GeographicCoordinateSystem xsi:type='typens:GeographicCoordinateSystem' xmlns:xsi='http://www.w3.org/2001/XMLSchema-instance' xmlns:xs='http://www.w3.org/2001/XMLSchema' xmlns:typens='http://www.esri.com/schemas/ArcGIS/10.5'&gt;&lt;WKT&gt;GEOGCS[&amp;quot;GCS_SIRGAS_2000&amp;quot;,DATUM[&amp;quot;D_SIRGAS_2000&amp;quot;,SPHEROID[&amp;quot;GRS_1980&amp;quot;,6378137.0,298.257222101]],PRIMEM[&amp;quot;Greenwich&amp;quot;,0.0],UNIT[&amp;quot;Degree&amp;quot;,0.0174532925199433],AUTHORITY[&amp;quot;EPSG&amp;quot;,4674]]&lt;/WKT&gt;&lt;XOrigin&gt;-400&lt;/XOrigin&gt;&lt;YOrigin&gt;-400&lt;/YOrigin&gt;&lt;XYScale&gt;11258999068426.238&lt;/XYScale&gt;&lt;ZOrigin&gt;-100000&lt;/ZOrigin&gt;&lt;ZScale&gt;10000&lt;/ZScale&gt;&lt;MOrigin&gt;-100000&lt;/MOrigin&gt;&lt;MScale&gt;10000&lt;/MScale&gt;&lt;XYTolerance&gt;8.9831528411952133e-009&lt;/XYTolerance&gt;&lt;ZTolerance&gt;0.001&lt;/ZTolerance&gt;&lt;MTolerance&gt;0.001&lt;/MTolerance&gt;&lt;HighPrecision&gt;true&lt;/HighPrecision&gt;&lt;LeftLongitude&gt;-180&lt;/LeftLongitude&gt;&lt;WKID&gt;4674&lt;/WKID&gt;&lt;LatestWKID&gt;4674&lt;/LatestWKID&gt;&lt;/GeographicCoordinateSystem&gt;</peXml></coordRef></DataProperties><ArcGISFormat>1.0</ArcGISFormat><ArcGISstyle>North American Profile of ISO19115 2003</ArcGISstyle></Esri><dataIdInfo><envirDesc Sync="TRUE"> Version 6.2 (Build 9200) ; Esri ArcGIS 10.5.1.7333</envirDesc><dataLang><languageCode Sync="TRUE" value="eng"/><countryCode value="USA" Sync="TRUE"></countryCode></dataLang><idCitation><resTitle Sync="TRUE">BASE_COMBUST</resTitle><presForm><PresFormCd Sync="TRUE" value="005"/></presForm></idCitation><spatRpType><SpatRepTypCd Sync="TRUE" value="001"/></spatRpType><dataExt><geoEle><GeoBndBox esriExtentType="native"><westBL Sync="TRUE">-2057805.4228</westBL><eastBL Sync="TRUE">2112863.7909</eastBL><northBL Sync="TRUE">236996.4559</northBL><southBL Sync="TRUE">-3547597.4156</southBL><exTypeCode Sync="TRUE">1</exTypeCode></GeoBndBox></geoEle></dataExt><geoBox esriExtentType="decdegrees"><westBL Sync="TRUE">-75.517975</westBL><eastBL Sync="TRUE">-31.920103</eastBL><northBL Sync="TRUE">2.143306</northBL><southBL Sync="TRUE">-32.051698</southBL><exTypeCode Sync="TRUE">1</exTypeCode></geoBox></dataIdInfo><mdLang><languageCode Sync="TRUE" value="eng"/><countryCode value="USA" Sync="TRUE"></countryCode></mdLang><mdStanName Sync="TRUE">ISO 19115 Geographic Information - Metadata</mdStanName><mdStanVer Sync="TRUE">DIS_ESRI1.0</mdStanVer><mdChar><CharSetCd Sync="TRUE" value="004"/></mdChar><mdHrLv><ScopeCd Sync="TRUE" value="005"/></mdHrLv><mdHrLvName Sync="TRUE">dataset</mdHrLvName><distInfo><distributor><distorTran><onLineSrc><orDesc Sync="TRUE">002</orDesc><linkage Sync="TRUE">file://</linkage><protocol Sync="TRUE">Local Area Network</protocol></onLineSrc></distorTran><distorFormat><formatName Sync="TRUE">Personal GeoDatabase Feature Class</formatName></distorFormat></distributor><distFormat><formatName Sync="TRUE">Shapefile</formatName></distFormat><distTranOps><transSize Sync="TRUE">0.000</transSize></distTranOps></distInfo><refSysInfo><RefSystem><refSysID><identCode Sync="TRUE" code="4674">Brazil_Polyconic</identCode><idCodeSpace Sync="TRUE">EPSG</idCodeSpace><idVersion Sync="TRUE">7.8.3(9.2.0)</idVersion></refSysID></RefSystem></refSysInfo><spatRepInfo><VectSpatRep><geometObjs Name="BASE_COMBUST"><geoObjTyp><GeoObjTypCd value="004" Sync="TRUE"></GeoObjTypCd></geoObjTyp><geoObjCnt Sync="TRUE">0</geoObjCnt></geometObjs><topLvl><TopoLevCd value="001" Sync="TRUE"></TopoLevCd></topLvl></VectSpatRep></spatRepInfo><mdDateSt Sync="TRUE">20180410</mdDateSt></metadata>
