<?xml version="1.0" encoding="UTF-8"?>
<metadata xml:lang="en"><Esri><CreaDate>20181002</CreaDate><CreaTime>22383200</CreaTime><ArcGISFormat>1.0</ArcGISFormat><SyncOnce>TRUE</SyncOnce><DataProperties><lineage><Process Name="Delete Field (27)" ToolSource="c:\program files (x86)\arcgis\desktop10.5\ArcToolbox\Toolboxes\Data Management Tools.tbx\DeleteField" Date="20181002" Time="223832">DeleteField aquaduto cat5;cat1;cat2;cat3;cat4</Process><Process Name="Add Field (13)" ToolSource="c:\program files (x86)\arcgis\desktop10.5\ArcToolbox\Toolboxes\Data Management Tools.tbx\AddField" Date="20181003" Time="083901">AddField aquaduto id SHORT 5 # # # NULLABLE NON_REQUIRED #</Process><Process Name="Calculate Field (13)" ToolSource="c:\program files (x86)\arcgis\desktop10.5\ArcToolbox\Toolboxes\Data Management Tools.tbx\CalculateField" Date="20181003" Time="083901">CalculateField aquaduto id 11 VB #</Process><Process Name="Add Field (14)" ToolSource="c:\program files (x86)\arcgis\desktop10.5\ArcToolbox\Toolboxes\Data Management Tools.tbx\AddField" Date="20181003" Time="083901">AddField aquaduto name TEXT 5 # 250 # NULLABLE NON_REQUIRED #</Process><Process Name="Calculate Field (14)" ToolSource="c:\program files (x86)\arcgis\desktop10.5\ArcToolbox\Toolboxes\Data Management Tools.tbx\CalculateField" Date="20181003" Time="083901">CalculateField aquaduto name "Aquaduto" VB #</Process><Process Name="Add Field (15)" ToolSource="c:\program files (x86)\arcgis\desktop10.5\ArcToolbox\Toolboxes\Data Management Tools.tbx\AddField" Date="20181003" Time="083901">AddField aquaduto categoria SHORT 5 # 250 # NULLABLE NON_REQUIRED #</Process><Process Name="Calculate Field (15)" ToolSource="c:\program files (x86)\arcgis\desktop10.5\ArcToolbox\Toolboxes\Data Management Tools.tbx\CalculateField" Date="20181003" Time="083901">CalculateField aquaduto categoria 3 VB #</Process><Process Name="Add Field (16)" ToolSource="c:\program files (x86)\arcgis\desktop10.5\ArcToolbox\Toolboxes\Data Management Tools.tbx\AddField" Date="20181003" Time="083901">AddField aquaduto parent_id SHORT 5 # 250 # NULLABLE NON_REQUIRED #</Process><Process Name="Calculate Field (16)" ToolSource="c:\program files (x86)\arcgis\desktop10.5\ArcToolbox\Toolboxes\Data Management Tools.tbx\CalculateField" Date="20181003" Time="083901">CalculateField aquaduto parent_id 9 VB #</Process></lineage></DataProperties></Esri></metadata>
