<?xml version="1.0" encoding="UTF-8"?>
<metadata xml:lang="pt"><Esri><CreaDate>20180723</CreaDate><CreaTime>12172400</CreaTime><ArcGISFormat>1.0</ArcGISFormat><ArcGISstyle>North American Profile of ISO19115 2003</ArcGISstyle><SyncOnce>TRUE</SyncOnce><DataProperties><lineage><Process Name="Add Field (3)" ToolSource="c:\program files (x86)\arcgis\desktop10.5\ArcToolbox\Toolboxes\Data Management Tools.tbx\AddField" Date="20180723" Time="121724">AddField terminal_de_uso_privado cat3 TEXT # # 100 # NULLABLE NON_REQUIRED #</Process><Process Name="Add Field (4)" ToolSource="c:\program files (x86)\arcgis\desktop10.5\ArcToolbox\Toolboxes\Data Management Tools.tbx\AddField" Date="20180723" Time="121724">AddField terminal_de_uso_privado cat4 TEXT # # 100 # NULLABLE NON_REQUIRED #</Process><Process Name="Add Field (5)" ToolSource="c:\program files (x86)\arcgis\desktop10.5\ArcToolbox\Toolboxes\Data Management Tools.tbx\AddField" Date="20180723" Time="121724">AddField terminal_de_uso_privado cat5 TEXT # # 100 # NULLABLE NON_REQUIRED #</Process><Process Name="Add Field" ToolSource="c:\program files (x86)\arcgis\desktop10.5\ArcToolbox\Toolboxes\Data Management Tools.tbx\AddField" Date="20180723" Time="121724">AddField terminal_de_uso_privado cat1 TEXT # # 25 # NULLABLE NON_REQUIRED #</Process><Process Name="Calculate Field" ToolSource="c:\program files (x86)\arcgis\desktop10.5\ArcToolbox\Toolboxes\Data Management Tools.tbx\CalculateField" Date="20180723" Time="121724">CalculateField terminal_de_uso_privado cat1 "Transporte" VB #</Process><Process Name="Add Field (2)" ToolSource="c:\program files (x86)\arcgis\desktop10.5\ArcToolbox\Toolboxes\Data Management Tools.tbx\AddField" Date="20180723" Time="121724">AddField terminal_de_uso_privado cat2 TEXT # # 25 # NULLABLE NON_REQUIRED #</Process><Process Name="Calculate Field (2)" ToolSource="c:\program files (x86)\arcgis\desktop10.5\ArcToolbox\Toolboxes\Data Management Tools.tbx\CalculateField" Date="20180723" Time="121724">CalculateField terminal_de_uso_privado cat2 "Terminal de Uso Privado" VB #</Process><Process ToolSource="c:\program files (x86)\arcgis\desktop10.5\ArcToolbox\Toolboxes\Data Management Tools.tbx\CalculateField" Date="20180725" Time="114906">CalculateField terminal_de_uso_privado cat3 [cat2] VB #</Process><Process ToolSource="c:\program files (x86)\arcgis\desktop10.5\ArcToolbox\Toolboxes\Data Management Tools.tbx\CalculateField" Date="20180725" Time="114920">CalculateField terminal_de_uso_privado cat2 "Aquaviário" VB #</Process><Process ToolSource="c:\program files (x86)\arcgis\desktop10.5\ArcToolbox\Toolboxes\Data Management Tools.tbx\CalculateField" Date="20180725" Time="114935">CalculateField terminal_de_uso_privado nome [Name] VB #</Process><Process Name="Delete Field (26)" ToolSource="c:\program files (x86)\arcgis\desktop10.5\ArcToolbox\Toolboxes\Data Management Tools.tbx\DeleteField" Date="20181002" Time="223832">DeleteField terminal_de_uso_privado cat5;cat1;cat2;cat3;cat4</Process><Process Name="Add Field (9)" ToolSource="c:\program files (x86)\arcgis\desktop10.5\ArcToolbox\Toolboxes\Data Management Tools.tbx\AddField" Date="20181002" Time="225219">AddField terminal_de_uso_privado id SHORT 5 # # # NULLABLE NON_REQUIRED #</Process><Process Name="Calculate Field (9)" ToolSource="c:\program files (x86)\arcgis\desktop10.5\ArcToolbox\Toolboxes\Data Management Tools.tbx\CalculateField" Date="20181002" Time="225219">CalculateField terminal_de_uso_privado id 29 VB #</Process><Process Name="Add Field (10)" ToolSource="c:\program files (x86)\arcgis\desktop10.5\ArcToolbox\Toolboxes\Data Management Tools.tbx\AddField" Date="20181002" Time="225219">AddField terminal_de_uso_privado name TEXT 5 # 250 # NULLABLE NON_REQUIRED #</Process><Process Name="Calculate Field (10)" ToolSource="c:\program files (x86)\arcgis\desktop10.5\ArcToolbox\Toolboxes\Data Management Tools.tbx\CalculateField" Date="20181002" Time="225219">CalculateField terminal_de_uso_privado name "Terminal de Uso Privado" VB #</Process><Process Name="Add Field (11)" ToolSource="c:\program files (x86)\arcgis\desktop10.5\ArcToolbox\Toolboxes\Data Management Tools.tbx\AddField" Date="20181002" Time="225219">AddField terminal_de_uso_privado categoria SHORT 5 # 250 # NULLABLE NON_REQUIRED #</Process><Process Name="Calculate Field (11)" ToolSource="c:\program files (x86)\arcgis\desktop10.5\ArcToolbox\Toolboxes\Data Management Tools.tbx\CalculateField" Date="20181002" Time="225219">CalculateField terminal_de_uso_privado categoria 3 VB #</Process><Process Name="Add Field (12)" ToolSource="c:\program files (x86)\arcgis\desktop10.5\ArcToolbox\Toolboxes\Data Management Tools.tbx\AddField" Date="20181002" Time="225219">AddField terminal_de_uso_privado parent_id SHORT 5 # 250 # NULLABLE NON_REQUIRED #</Process><Process Name="Calculate Field (12)" ToolSource="c:\program files (x86)\arcgis\desktop10.5\ArcToolbox\Toolboxes\Data Management Tools.tbx\CalculateField" Date="20181002" Time="225219">CalculateField terminal_de_uso_privado parent_id 3 VB #</Process></lineage></DataProperties></Esri></metadata>
